Metric,Value
Q1,4.117647058823529
Q2,5.117647058823529
Q3,4.9411764705882355
Q4,4.705882352941177
Q5,5.0588235294117645
合計スコア（平均）,23.941176470588236
合計スコア（分散）,1.5847750865051902
合計スコア（標準偏差）,1.2588785034725114
