Metric,Value
Q1,4.0
Q2,5.0
Q3,4.882352941176471
Q4,4.294117647058823
Q5,4.9411764705882355
合計スコア（平均）,23.11764705882353
合計スコア（分散）,0.57439446366782
合計スコア（標準偏差）,0.7578881603955956
