Metric,Value
Q1,8.176470588235293
Q2,8.941176470588236
Q3,7.0588235294117645
Q4,8.411764705882353
Q5,8.941176470588236
Q6,8.176470588235293
Q7,6.9411764705882355
Q8,7.705882352941177
Q9,7.294117647058823
Q10,6.647058823529412
Q11,9.0
Q12,7.823529411764706
Q13,8.764705882352942
Q14,8.823529411764707
Q15,8.235294117647058
合計スコア（平均）,120.94117647058823
合計スコア（分散）,13.467128027681659
合計スコア（標準偏差）,3.669758578936993
