Metric,Value
Q1,8.117647058823529
Q2,8.882352941176471
Q3,6.882352941176471
Q4,8.529411764705882
Q5,8.705882352941176
Q6,8.411764705882353
Q7,6.294117647058823
Q8,7.352941176470588
Q9,7.411764705882353
Q10,6.470588235294118
Q11,8.941176470588236
Q12,7.882352941176471
Q13,8.823529411764707
Q14,8.470588235294118
Q15,8.352941176470589
合計スコア（平均）,119.52941176470588
合計スコア（分散）,5.896193771626298
合計スコア（標準偏差）,2.4282079341823875
