Metric,Value
Q1,5.0
Q2,1.0
Q3,3.3529411764705883
Q4,1.0
Q5,5.0
Q6,1.0
Q7,5.0
Q8,1.0
Q9,3.411764705882353
Q10,4.9411764705882355
Q11,1.0
合計スコア（平均）,51.705882352941174
合計スコア（分散）,3.0311418685121105
合計スコア（標準偏差）,1.741017480817499
