Metric,Value
Q1,5.0
Q2,1.0
Q3,3.764705882352941
Q4,1.0
Q5,5.0
Q6,1.0
Q7,5.0
Q8,1.0
Q9,3.235294117647059
Q10,4.9411764705882355
Q11,1.0
合計スコア（平均）,51.94117647058823
合計スコア（分散）,1.9377162629757787
合計スコア（標準偏差）,1.3920187724940274
