Metric,Value
Q1,4.0588235294117645
Q2,5.0588235294117645
Q3,4.9411764705882355
Q4,4.470588235294118
Q5,5.0588235294117645
合計スコア（平均）,23.58823529411765
合計スコア（分散）,1.1833910034602075
合計スコア（標準偏差）,1.0878377652298192
