Metric,Value
Q1,8.176470588235293
Q2,8.823529411764707
Q3,6.823529411764706
Q4,8.294117647058824
Q5,8.941176470588236
Q6,8.176470588235293
Q7,6.647058823529412
Q8,7.588235294117647
Q9,7.176470588235294
Q10,6.647058823529412
Q11,8.882352941176471
Q12,7.823529411764706
Q13,8.588235294117647
Q14,8.705882352941176
Q15,8.411764705882353
合計スコア（平均）,119.70588235294117
合計スコア（分散）,15.148788927335639
合計スコア（標準偏差）,3.892144515217239
