Metric,Value
Q1,5.0
Q2,1.0
Q3,3.588235294117647
Q4,1.0
Q5,5.0
Q6,1.0
Q7,5.0
Q8,1.0
Q9,3.1176470588235294
Q10,4.9411764705882355
Q11,1.0
合計スコア（平均）,51.64705882352941
合計スコア（分散）,1.4048442906574394
合計スコア（標準偏差）,1.1852612752711698
