Metric,Value
Q1,4.0
Q2,5.0
Q3,4.764705882352941
Q4,4.529411764705882
Q5,5.0
合計スコア（平均）,23.294117647058822
合計スコア（分散）,0.6782006920415224
合計スコア（標準偏差）,0.8235294117647058
