Metric,Value
Q1,3.176470588235294
Q2,3.8823529411764706
Q3,2.588235294117647
Q4,4.0
Q5,4.0
Q6,3.176470588235294
Q7,4.0
Q8,6.0
Q9,4.0
Q10,4.0
Q11,3.9411764705882355
合計スコア（平均）,42.76470588235294
合計スコア（分散）,7.238754325259515
合計スコア（標準偏差）,2.690493323771593
