Metric,Value
Q1,8.235294117647058
Q2,8.764705882352942
Q3,6.823529411764706
Q4,8.176470588235293
Q5,8.941176470588236
Q6,8.235294117647058
Q7,6.882352941176471
Q8,7.705882352941177
Q9,7.411764705882353
Q10,6.470588235294118
Q11,9.0
Q12,8.117647058823529
Q13,8.764705882352942
Q14,8.294117647058824
Q15,8.470588235294118
合計スコア（平均）,120.29411764705883
合計スコア（分散）,19.737024221453286
合計スコア（標準偏差）,4.442637079646872
