Metric,Value
Q1,8.176470588235293
Q2,8.823529411764707
Q3,7.0588235294117645
Q4,8.294117647058824
Q5,8.941176470588236
Q6,8.117647058823529
Q7,6.764705882352941
Q8,7.588235294117647
Q9,7.470588235294118
Q10,6.588235294117647
Q11,8.941176470588236
Q12,7.882352941176471
Q13,8.705882352941176
Q14,8.529411764705882
Q15,8.647058823529411
合計スコア（平均）,120.52941176470588
合計スコア（分散）,7.896193771626296
合計スコア（標準偏差）,2.81001668529322
