Metric,Value
Q1,5.0
Q2,1.0
Q3,3.588235294117647
Q4,1.0
Q5,4.9411764705882355
Q6,1.0
Q7,5.0
Q8,1.0
Q9,3.235294117647059
Q10,5.0
Q11,1.0
合計スコア（平均）,51.76470588235294
合計スコア（分散）,3.356401384083045
合計スコア（標準偏差）,1.8320484120467573
